Bxed,geno,diet,time,event,censor,rep
yes,wD,5p,2,1,1,1
yes,wD,5p,5,0,1,1
yes,wD,5p,7,0,1,1
yes,wD,5p,9,0,1,1
yes,wD,5p,12,0,1,1
yes,wD,5p,14,0,1,1
yes,wD,5p,16,1,1,1
yes,wD,5p,19,0,1,1
yes,wD,5p,21,0,1,1
yes,wD,5p,23,2,1,1
yes,wD,5p,26,0,1,1
yes,wD,5p,28,0,1,1
yes,wD,5p,30,0,1,1
yes,wD,5p,33,0,1,1
yes,wD,5p,35,0,1,1
yes,wD,5p,37,3,1,1
yes,wD,5p,40,3,1,1
yes,wD,5p,42,4,1,1
yes,wD,5p,44,3,1,1
yes,wD,5p,47,11,1,1
yes,wD,5p,49,12,1,1
yes,wD,5p,51,14,1,1
yes,wD,5p,54,26,1,1
yes,wD,5p,56,16,1,1
yes,wD,5p,58,15,1,1
yes,wD,5p,61,12,1,1
yes,wD,5p,63,4,1,1
yes,wD,5p,65,8,1,1
yes,wD,5p,68,6,1,1
yes,wD,5p,70,2,1,1
yes,wD,5p,72,0,1,1
yes,wD,5p,75,2,1,1
yes,wD,5p,77,0,1,1
yes,wD,5p,79,0,1,1
yes,wD,5p,82,0,1,1
yes,wD,5p,84,0,1,1
yes,wD,5p,84,0,1,1
yes,wD,5p,84,0,1,1
yes,wD,5p,84,0,1,1
yes,wD,5p,84,0,1,1
yes,wD,5p,84,0,1,1
yes,wD,5p,84,0,1,1
yes,wD,5p,84,0,1,1
yes,wD,5p,84,0,1,1
yes,wD,5p,84,0,1,1
yes,wD,5p,84,0,1,1
yes,wD,5p,84,0,1,1
yes,wD,5p,84,0,1,1
yes,wD,5p,84,0,1,1
yes,wD,5p,84,0,1,1
yes,wD,5p,84,0,1,1
yes,wD,5p,84,0,1,1
yes,wD,5p,84,0,1,1
yes,wD,5p,84,0,1,1
yes,wD,5p,84,0,1,1
yes,wD,5p,84,0,1,1
yes,wD,5p,84,0,1,1
yes,wD,5p,84,0,1,1
yes,wD,5p,84,0,1,1
yes,wD,5p,84,0,1,1
yes,wD,5p,84,0,1,1
yes,wD,5p,84,0,1,1
yes,wD,5p,84,0,1,1
yes,wD,5p,84,0,1,1
yes,wD,5p,84,0,1,1
yes,wD,5p,84,0,1,1
yes,wD,5p,84,0,1,1
yes,wD,5p,84,0,1,1
yes,wD,5p,84,0,1,1
yes,wD,5p,84,0,1,1
yes,wD,5p,84,0,1,1
yes,wD,5p,84,0,1,1
yes,wD,5p,84,0,1,1
yes,wD,5p,84,0,1,1
yes,wD,5p,84,0,1,1
yes,wD,10p,2,0,1,1
yes,wD,10p,5,0,1,1
yes,wD,10p,7,0,1,1
yes,wD,10p,9,0,1,1
yes,wD,10p,12,0,1,1
yes,wD,10p,14,0,1,1
yes,wD,10p,16,0,1,1
yes,wD,10p,19,0,1,1
yes,wD,10p,21,0,1,1
yes,wD,10p,23,0,1,1
yes,wD,10p,26,0,1,1
yes,wD,10p,28,0,1,1
yes,wD,10p,30,0,1,1
yes,wD,10p,33,3,1,1
yes,wD,10p,35,0,1,1
yes,wD,10p,37,2,1,1
yes,wD,10p,40,7,1,1
yes,wD,10p,42,3,1,1
yes,wD,10p,44,3,1,1
yes,wD,10p,47,16,1,1
yes,wD,10p,49,7,1,1
yes,wD,10p,51,15,1,1
yes,wD,10p,54,13,1,1
yes,wD,10p,56,16,1,1
yes,wD,10p,58,10,1,1
yes,wD,10p,61,10,1,1
yes,wD,10p,63,4,1,1
yes,wD,10p,65,10,1,1
yes,wD,10p,68,0,1,1
yes,wD,10p,70,0,1,1
yes,wD,10p,72,2,1,1
yes,wD,10p,75,0,1,1
yes,wD,10p,77,0,1,1
yes,wD,10p,79,1,1,1
yes,wD,10p,82,0,1,1
yes,wD,10p,84,0,1,1
yes,wD,10p,84,0,1,1
yes,wD,10p,84,0,1,1
yes,wD,10p,84,0,1,1
yes,wD,10p,84,0,1,1
yes,wD,10p,84,0,1,1
yes,wD,10p,84,0,1,1
yes,wD,10p,84,0,1,1
yes,wD,10p,84,0,1,1
yes,wD,10p,84,0,1,1
yes,wD,10p,84,0,1,1
yes,wD,10p,84,0,1,1
yes,wD,10p,84,0,1,1
yes,wD,10p,84,0,1,1
yes,wD,10p,84,0,1,1
yes,wD,10p,84,0,1,1
yes,wD,10p,84,0,1,1
yes,wD,10p,84,0,1,1
yes,wD,10p,84,0,1,1
yes,wD,10p,84,0,1,1
yes,wD,10p,84,0,1,1
yes,wD,10p,84,0,1,1
yes,wD,10p,84,0,1,1
yes,wD,10p,84,0,1,1
yes,wD,10p,84,0,1,1
yes,wD,10p,84,0,1,1
yes,wD,10p,84,0,1,1
yes,wD,10p,84,0,1,1
yes,wD,10p,84,0,1,1
yes,wD,10p,84,0,1,1
yes,wD,10p,84,0,1,1
yes,wD,10p,84,0,1,1
yes,wD,10p,84,0,1,1
yes,wD,10p,84,0,1,1
yes,wD,10p,84,0,1,1
yes,wD,10p,84,0,1,1
yes,wD,10p,84,0,1,1
yes,wD,10p,84,0,1,1
yes,wD,10p,84,0,1,1
yes,wD,10p,84,0,1,1
yes,wD,20p,2,0,1,1
yes,wD,20p,5,0,1,1
yes,wD,20p,7,0,1,1
yes,wD,20p,9,0,1,1
yes,wD,20p,12,0,1,1
yes,wD,20p,14,1,1,1
yes,wD,20p,16,0,1,1
yes,wD,20p,19,0,1,1
yes,wD,20p,21,2,1,1
yes,wD,20p,23,4,1,1
yes,wD,20p,26,9,1,1
yes,wD,20p,28,3,1,1
yes,wD,20p,30,6,1,1
yes,wD,20p,33,18,1,1
yes,wD,20p,35,10,1,1
yes,wD,20p,37,16,1,1
yes,wD,20p,40,31,1,1
yes,wD,20p,42,9,1,1
yes,wD,20p,44,2,1,1
yes,wD,20p,47,9,1,1
yes,wD,20p,49,2,1,1
yes,wD,20p,51,4,1,1
yes,wD,20p,54,6,1,1
yes,wD,20p,56,3,1,1
yes,wD,20p,58,5,1,1
yes,wD,20p,61,9,1,1
yes,wD,20p,63,0,1,1
yes,wD,20p,65,1,1,1
yes,wD,20p,68,1,1,1
yes,wD,20p,70,1,1,1
yes,wD,20p,72,1,1,1
yes,wD,20p,75,0,1,1
yes,wD,20p,77,0,1,1
yes,wD,20p,79,0,1,1
yes,wD,20p,82,0,1,1
yes,wD,20p,84,0,1,1
yes,wD,20p,84,0,1,1
yes,wD,20p,84,0,1,1
yes,wD,20p,84,0,1,1
yes,wD,20p,84,0,1,1
yes,wD,20p,84,0,1,1
yes,wD,20p,84,0,1,1
yes,wD,20p,84,0,1,1
yes,wD,20p,84,0,1,1
yes,wD,20p,84,0,1,1
yes,wD,20p,84,0,1,1
yes,wD,20p,84,0,1,1
yes,wD,20p,84,0,1,1
yes,wD,20p,84,0,1,1
yes,wD,20p,84,0,1,1
yes,wD,20p,84,0,1,1
yes,wD,20p,84,0,1,1
yes,wD,20p,84,0,1,1
yes,wD,20p,84,0,1,1
yes,wD,20p,84,0,1,1
yes,wD,20p,84,0,1,1
yes,wD,20p,84,0,1,1
yes,wD,20p,84,0,1,1
yes,wD,20p,84,0,1,1
yes,wD,20p,84,0,1,1
yes,wD,20p,84,0,1,1
yes,wD,20p,84,0,1,1
yes,wD,20p,84,0,1,1
yes,wD,20p,84,0,1,1
yes,wD,20p,84,0,1,1
yes,wD,20p,84,0,1,1
yes,wD,20p,84,0,1,1
yes,wD,20p,84,0,1,1
yes,wD,20p,84,0,1,1
yes,wD,20p,84,0,1,1
yes,wD,20p,84,0,1,1
yes,wD,20p,84,0,1,1
yes,wD,20p,84,0,1,1
yes,wD,20p,84,0,1,1
yes,wD,20p,84,0,1,1
yes,wD,5p,2,0,1,2
yes,wD,5p,5,0,1,2
yes,wD,5p,7,0,1,2
yes,wD,5p,9,0,1,2
yes,wD,5p,12,0,1,2
yes,wD,5p,14,0,1,2
yes,wD,5p,16,1,1,2
yes,wD,5p,19,0,1,2
yes,wD,5p,21,0,1,2
yes,wD,5p,23,0,1,2
yes,wD,5p,26,0,1,2
yes,wD,5p,28,1,1,2
yes,wD,5p,30,0,1,2
yes,wD,5p,33,2,1,2
yes,wD,5p,35,1,1,2
yes,wD,5p,37,1,1,2
yes,wD,5p,40,4,1,2
yes,wD,5p,42,1,1,2
yes,wD,5p,44,4,1,2
yes,wD,5p,47,8,1,2
yes,wD,5p,49,21,1,2
yes,wD,5p,51,14,1,2
yes,wD,5p,54,18,1,2
yes,wD,5p,56,14,1,2
yes,wD,5p,58,13,1,2
yes,wD,5p,61,18,1,2
yes,wD,5p,63,4,1,2
yes,wD,5p,65,8,1,2
yes,wD,5p,68,3,1,2
yes,wD,5p,70,1,1,2
yes,wD,5p,72,1,1,2
yes,wD,5p,75,0,1,2
yes,wD,5p,77,2,1,2
yes,wD,5p,79,0,1,2
yes,wD,5p,82,0,1,2
yes,wD,5p,84,0,1,2
yes,wD,5p,84,0,1,2
yes,wD,5p,84,0,1,2
yes,wD,5p,84,0,1,2
yes,wD,5p,84,0,1,2
yes,wD,5p,84,0,1,2
yes,wD,5p,84,0,1,2
yes,wD,5p,84,0,1,2
yes,wD,5p,84,0,1,2
yes,wD,5p,84,0,1,2
yes,wD,5p,84,0,1,2
yes,wD,5p,84,0,1,2
yes,wD,5p,84,0,1,2
yes,wD,5p,84,0,1,2
yes,wD,5p,84,0,1,2
yes,wD,5p,84,0,1,2
yes,wD,5p,84,0,1,2
yes,wD,5p,84,0,1,2
yes,wD,5p,84,0,1,2
yes,wD,5p,84,0,1,2
yes,wD,5p,84,0,1,2
yes,wD,5p,84,0,1,2
yes,wD,5p,84,0,1,2
yes,wD,5p,84,0,1,2
yes,wD,5p,84,0,1,2
yes,wD,5p,84,0,1,2
yes,wD,5p,84,0,1,2
yes,wD,5p,84,0,1,2
yes,wD,5p,84,0,1,2
yes,wD,5p,84,0,1,2
yes,wD,5p,84,0,1,2
yes,wD,5p,84,0,1,2
yes,wD,5p,84,0,1,2
yes,wD,5p,84,0,1,2
yes,wD,5p,84,0,1,2
yes,wD,5p,84,0,1,2
yes,wD,5p,84,0,1,2
yes,wD,5p,84,0,1,2
yes,wD,5p,84,0,1,2
yes,wD,5p,84,0,1,2
yes,wD,10p,2,0,1,2
yes,wD,10p,5,0,1,2
yes,wD,10p,7,0,1,2
yes,wD,10p,9,0,1,2
yes,wD,10p,12,0,1,2
yes,wD,10p,14,0,1,2
yes,wD,10p,16,0,1,2
yes,wD,10p,19,0,1,2
yes,wD,10p,21,0,1,2
yes,wD,10p,23,0,1,2
yes,wD,10p,26,0,1,2
yes,wD,10p,28,2,1,2
yes,wD,10p,30,0,1,2
yes,wD,10p,33,1,1,2
yes,wD,10p,35,6,1,2
yes,wD,10p,37,5,1,2
yes,wD,10p,40,8,1,2
yes,wD,10p,42,8,1,2
yes,wD,10p,44,11,1,2
yes,wD,10p,47,7,1,2
yes,wD,10p,49,4,1,2
yes,wD,10p,51,9,1,2
yes,wD,10p,54,13,1,2
yes,wD,10p,56,10,1,2
yes,wD,10p,58,15,1,2
yes,wD,10p,61,17,1,2
yes,wD,10p,63,5,1,2
yes,wD,10p,65,6,1,2
yes,wD,10p,68,2,1,2
yes,wD,10p,70,1,1,2
yes,wD,10p,72,1,1,2
yes,wD,10p,75,0,1,2
yes,wD,10p,77,0,1,2
yes,wD,10p,79,1,1,2
yes,wD,10p,82,0,1,2
yes,wD,10p,84,1,1,2
yes,wD,10p,84,0,1,2
yes,wD,10p,84,0,1,2
yes,wD,10p,84,0,1,2
yes,wD,10p,84,0,1,2
yes,wD,10p,84,0,1,2
yes,wD,10p,84,0,1,2
yes,wD,10p,84,0,1,2
yes,wD,10p,84,0,1,2
yes,wD,10p,84,0,1,2
yes,wD,10p,84,0,1,2
yes,wD,10p,84,0,1,2
yes,wD,10p,84,0,1,2
yes,wD,10p,84,0,1,2
yes,wD,10p,84,0,1,2
yes,wD,10p,84,0,1,2
yes,wD,10p,84,0,1,2
yes,wD,10p,84,0,1,2
yes,wD,10p,84,0,1,2
yes,wD,10p,84,0,1,2
yes,wD,10p,84,0,1,2
yes,wD,10p,84,0,1,2
yes,wD,10p,84,0,1,2
yes,wD,10p,84,0,1,2
yes,wD,10p,84,0,1,2
yes,wD,10p,84,0,1,2
yes,wD,10p,84,0,1,2
yes,wD,10p,84,0,1,2
yes,wD,10p,84,0,1,2
yes,wD,10p,84,0,1,2
yes,wD,10p,84,0,1,2
yes,wD,10p,84,0,1,2
yes,wD,10p,84,0,1,2
yes,wD,10p,84,0,1,2
yes,wD,10p,84,0,1,2
yes,wD,10p,84,0,1,2
yes,wD,10p,84,0,1,2
yes,wD,10p,84,0,1,2
yes,wD,10p,84,0,1,2
yes,wD,10p,84,0,1,2
yes,wD,20p,2,0,1,2
yes,wD,20p,5,0,1,2
yes,wD,20p,7,0,1,2
yes,wD,20p,9,0,1,2
yes,wD,20p,12,0,1,2
yes,wD,20p,14,0,1,2
yes,wD,20p,16,0,1,2
yes,wD,20p,19,1,1,2
yes,wD,20p,21,3,1,2
yes,wD,20p,23,0,1,2
yes,wD,20p,26,9,1,2
yes,wD,20p,28,3,1,2
yes,wD,20p,30,7,1,2
yes,wD,20p,33,10,1,2
yes,wD,20p,35,18,1,2
yes,wD,20p,37,8,1,2
yes,wD,20p,40,28,1,2
yes,wD,20p,42,5,1,2
yes,wD,20p,44,4,1,2
yes,wD,20p,47,11,1,2
yes,wD,20p,49,8,1,2
yes,wD,20p,51,4,1,2
yes,wD,20p,54,10,1,2
yes,wD,20p,56,6,1,2
yes,wD,20p,58,10,1,2
yes,wD,20p,61,6,1,2
yes,wD,20p,63,1,1,2
yes,wD,20p,65,1,1,2
yes,wD,20p,68,0,1,2
yes,wD,20p,70,0,1,2
yes,wD,20p,72,1,1,2
yes,wD,20p,75,0,1,2
yes,wD,20p,77,0,1,2
yes,wD,20p,79,0,1,2
yes,wD,20p,82,0,1,2
yes,wD,20p,84,0,1,2
yes,wD,20p,84,0,1,2
yes,wD,20p,84,0,1,2
yes,wD,20p,84,0,1,2
yes,wD,20p,84,0,1,2
yes,wD,20p,84,0,1,2
yes,wD,20p,84,0,1,2
yes,wD,20p,84,0,1,2
yes,wD,20p,84,0,1,2
yes,wD,20p,84,0,1,2
yes,wD,20p,84,0,1,2
yes,wD,20p,84,0,1,2
yes,wD,20p,84,0,1,2
yes,wD,20p,84,0,1,2
yes,wD,20p,84,0,1,2
yes,wD,20p,84,0,1,2
yes,wD,20p,84,0,1,2
yes,wD,20p,84,0,1,2
yes,wD,20p,84,0,1,2
yes,wD,20p,84,0,1,2
yes,wD,20p,84,0,1,2
yes,wD,20p,84,0,1,2
yes,wD,20p,84,0,1,2
yes,wD,20p,84,0,1,2
yes,wD,20p,84,0,1,2
yes,wD,20p,84,0,1,2
yes,wD,20p,84,0,1,2
yes,wD,20p,84,0,1,2
yes,wD,20p,84,0,1,2
yes,wD,20p,84,0,1,2
yes,wD,20p,84,0,1,2
yes,wD,20p,84,0,1,2
yes,wD,20p,84,0,1,2
yes,wD,20p,84,0,1,2
yes,wD,20p,84,0,1,2
yes,wD,20p,84,0,1,2
yes,wD,20p,84,0,1,2
yes,wD,20p,84,0,1,2
yes,wD,20p,84,0,1,2
yes,wD,20p,84,0,1,2
yes,wD,5p,0,0,0,1
yes,wD,5p,2,0,0,1
yes,wD,5p,5,0,0,1
yes,wD,5p,7,0,0,1
yes,wD,5p,9,0,0,1
yes,wD,5p,12,0,0,1
yes,wD,5p,14,0,0,1
yes,wD,5p,16,0,0,1
yes,wD,5p,19,0,0,1
yes,wD,5p,21,0,0,1
yes,wD,5p,23,0,0,1
yes,wD,5p,26,0,0,1
yes,wD,5p,28,0,0,1
yes,wD,5p,30,0,0,1
yes,wD,5p,33,0,0,1
yes,wD,5p,35,0,0,1
yes,wD,5p,37,0,0,1
yes,wD,5p,40,0,0,1
yes,wD,5p,42,0,0,1
yes,wD,5p,44,0,0,1
yes,wD,5p,47,0,0,1
yes,wD,5p,49,0,0,1
yes,wD,5p,51,0,0,1
yes,wD,5p,54,1,0,1
yes,wD,5p,56,0,0,1
yes,wD,5p,58,0,0,1
yes,wD,5p,61,0,0,1
yes,wD,5p,63,0,0,1
yes,wD,5p,65,1,0,1
yes,wD,5p,68,0,0,1
yes,wD,5p,70,0,0,1
yes,wD,5p,72,0,0,1
yes,wD,5p,75,0,0,1
yes,wD,5p,77,0,0,1
yes,wD,5p,79,0,0,1
yes,wD,5p,82,0,0,1
yes,wD,5p,84,0,0,1
yes,wD,5p,84,0,0,1
yes,wD,5p,84,0,0,1
yes,wD,5p,84,0,0,1
yes,wD,5p,84,0,0,1
yes,wD,5p,84,0,0,1
yes,wD,5p,84,0,0,1
yes,wD,5p,84,0,0,1
yes,wD,5p,84,0,0,1
yes,wD,5p,84,0,0,1
yes,wD,5p,84,0,0,1
yes,wD,5p,84,0,0,1
yes,wD,5p,84,0,0,1
yes,wD,5p,84,0,0,1
yes,wD,5p,84,0,0,1
yes,wD,5p,84,0,0,1
yes,wD,5p,84,0,0,1
yes,wD,5p,84,0,0,1
yes,wD,5p,84,0,0,1
yes,wD,5p,84,0,0,1
yes,wD,5p,84,0,0,1
yes,wD,5p,84,0,0,1
yes,wD,5p,84,0,0,1
yes,wD,5p,84,0,0,1
yes,wD,5p,84,0,0,1
yes,wD,5p,84,0,0,1
yes,wD,5p,84,0,0,1
yes,wD,5p,84,0,0,1
yes,wD,5p,84,0,0,1
yes,wD,5p,84,0,0,1
yes,wD,5p,84,0,0,1
yes,wD,5p,84,0,0,1
yes,wD,5p,84,0,0,1
yes,wD,5p,84,0,0,1
yes,wD,5p,84,0,0,1
yes,wD,5p,84,0,0,1
yes,wD,5p,84,0,0,1
yes,wD,5p,84,0,0,1
yes,wD,5p,84,0,0,1
yes,wD,5p,84,0,0,1
yes,wD,10p,0,0,0,1
yes,wD,10p,2,0,0,1
yes,wD,10p,5,0,0,1
yes,wD,10p,7,0,0,1
yes,wD,10p,9,0,0,1
yes,wD,10p,12,0,0,1
yes,wD,10p,14,0,0,1
yes,wD,10p,16,0,0,1
yes,wD,10p,19,0,0,1
yes,wD,10p,21,0,0,1
yes,wD,10p,23,0,0,1
yes,wD,10p,26,0,0,1
yes,wD,10p,28,0,0,1
yes,wD,10p,30,0,0,1
yes,wD,10p,33,0,0,1
yes,wD,10p,35,0,0,1
yes,wD,10p,37,0,0,1
yes,wD,10p,40,0,0,1
yes,wD,10p,42,0,0,1
yes,wD,10p,44,0,0,1
yes,wD,10p,47,0,0,1
yes,wD,10p,49,1,0,1
yes,wD,10p,51,0,0,1
yes,wD,10p,54,0,0,1
yes,wD,10p,56,0,0,1
yes,wD,10p,58,0,0,1
yes,wD,10p,61,0,0,1
yes,wD,10p,63,0,0,1
yes,wD,10p,65,0,0,1
yes,wD,10p,68,0,0,1
yes,wD,10p,70,0,0,1
yes,wD,10p,72,0,0,1
yes,wD,10p,75,0,0,1
yes,wD,10p,77,0,0,1
yes,wD,10p,79,0,0,1
yes,wD,10p,82,0,0,1
yes,wD,10p,84,0,0,1
yes,wD,10p,84,0,0,1
yes,wD,10p,84,0,0,1
yes,wD,10p,84,0,0,1
yes,wD,10p,84,0,0,1
yes,wD,10p,84,0,0,1
yes,wD,10p,84,0,0,1
yes,wD,10p,84,0,0,1
yes,wD,10p,84,0,0,1
yes,wD,10p,84,0,0,1
yes,wD,10p,84,0,0,1
yes,wD,10p,84,0,0,1
yes,wD,10p,84,0,0,1
yes,wD,10p,84,0,0,1
yes,wD,10p,84,0,0,1
yes,wD,10p,84,0,0,1
yes,wD,10p,84,0,0,1
yes,wD,10p,84,0,0,1
yes,wD,10p,84,0,0,1
yes,wD,10p,84,0,0,1
yes,wD,10p,84,0,0,1
yes,wD,10p,84,0,0,1
yes,wD,10p,84,0,0,1
yes,wD,10p,84,0,0,1
yes,wD,10p,84,0,0,1
yes,wD,10p,84,0,0,1
yes,wD,10p,84,0,0,1
yes,wD,10p,84,0,0,1
yes,wD,10p,84,0,0,1
yes,wD,10p,84,0,0,1
yes,wD,10p,84,0,0,1
yes,wD,10p,84,0,0,1
yes,wD,10p,84,0,0,1
yes,wD,10p,84,0,0,1
yes,wD,10p,84,0,0,1
yes,wD,10p,84,0,0,1
yes,wD,10p,84,0,0,1
yes,wD,10p,84,0,0,1
yes,wD,10p,84,0,0,1
yes,wD,10p,84,0,0,1
yes,wD,20p,0,0,0,1
yes,wD,20p,2,0,0,1
yes,wD,20p,5,3,0,1
yes,wD,20p,7,0,0,1
yes,wD,20p,9,0,0,1
yes,wD,20p,12,0,0,1
yes,wD,20p,14,0,0,1
yes,wD,20p,16,0,0,1
yes,wD,20p,19,0,0,1
yes,wD,20p,21,0,0,1
yes,wD,20p,23,0,0,1
yes,wD,20p,26,0,0,1
yes,wD,20p,28,0,0,1
yes,wD,20p,30,0,0,1
yes,wD,20p,33,0,0,1
yes,wD,20p,35,0,0,1
yes,wD,20p,37,0,0,1
yes,wD,20p,40,0,0,1
yes,wD,20p,42,0,0,1
yes,wD,20p,44,0,0,1
yes,wD,20p,47,0,0,1
yes,wD,20p,49,0,0,1
yes,wD,20p,51,0,0,1
yes,wD,20p,54,0,0,1
yes,wD,20p,56,0,0,1
yes,wD,20p,58,0,0,1
yes,wD,20p,61,0,0,1
yes,wD,20p,63,0,0,1
yes,wD,20p,65,0,0,1
yes,wD,20p,68,0,0,1
yes,wD,20p,70,0,0,1
yes,wD,20p,72,0,0,1
yes,wD,20p,75,0,0,1
yes,wD,20p,77,0,0,1
yes,wD,20p,79,0,0,1
yes,wD,20p,82,0,0,1
yes,wD,20p,84,0,0,1
yes,wD,20p,84,0,0,1
yes,wD,20p,84,0,0,1
yes,wD,20p,84,0,0,1
yes,wD,20p,84,0,0,1
yes,wD,20p,84,0,0,1
yes,wD,20p,84,0,0,1
yes,wD,20p,84,0,0,1
yes,wD,20p,84,0,0,1
yes,wD,20p,84,0,0,1
yes,wD,20p,84,0,0,1
yes,wD,20p,84,0,0,1
yes,wD,20p,84,0,0,1
yes,wD,20p,84,0,0,1
yes,wD,20p,84,0,0,1
yes,wD,20p,84,0,0,1
yes,wD,20p,84,0,0,1
yes,wD,20p,84,0,0,1
yes,wD,20p,84,0,0,1
yes,wD,20p,84,0,0,1
yes,wD,20p,84,0,0,1
yes,wD,20p,84,0,0,1
yes,wD,20p,84,0,0,1
yes,wD,20p,84,0,0,1
yes,wD,20p,84,0,0,1
yes,wD,20p,84,0,0,1
yes,wD,20p,84,0,0,1
yes,wD,20p,84,0,0,1
yes,wD,20p,84,0,0,1
yes,wD,20p,84,0,0,1
yes,wD,20p,84,0,0,1
yes,wD,20p,84,0,0,1
yes,wD,20p,84,0,0,1
yes,wD,20p,84,0,0,1
yes,wD,20p,84,0,0,1
yes,wD,20p,84,0,0,1
yes,wD,20p,84,0,0,1
yes,wD,20p,84,0,0,1
yes,wD,20p,84,0,0,1
yes,wD,20p,84,0,0,1
yes,wD,5p,0,0,0,2
yes,wD,5p,2,1,0,2
yes,wD,5p,5,2,0,2
yes,wD,5p,7,0,0,2
yes,wD,5p,9,0,0,2
yes,wD,5p,12,0,0,2
yes,wD,5p,14,0,0,2
yes,wD,5p,16,0,0,2
yes,wD,5p,19,0,0,2
yes,wD,5p,21,0,0,2
yes,wD,5p,23,0,0,2
yes,wD,5p,26,0,0,2
yes,wD,5p,28,0,0,2
yes,wD,5p,30,0,0,2
yes,wD,5p,33,0,0,2
yes,wD,5p,35,0,0,2
yes,wD,5p,37,0,0,2
yes,wD,5p,40,0,0,2
yes,wD,5p,42,0,0,2
yes,wD,5p,44,0,0,2
yes,wD,5p,47,0,0,2
yes,wD,5p,49,0,0,2
yes,wD,5p,51,0,0,2
yes,wD,5p,54,0,0,2
yes,wD,5p,56,2,0,2
yes,wD,5p,58,0,0,2
yes,wD,5p,61,0,0,2
yes,wD,5p,63,0,0,2
yes,wD,5p,65,0,0,2
yes,wD,5p,68,0,0,2
yes,wD,5p,70,0,0,2
yes,wD,5p,72,0,0,2
yes,wD,5p,75,0,0,2
yes,wD,5p,77,0,0,2
yes,wD,5p,79,0,0,2
yes,wD,5p,82,0,0,2
yes,wD,5p,84,0,0,2
yes,wD,5p,84,0,0,2
yes,wD,5p,84,0,0,2
yes,wD,5p,84,0,0,2
yes,wD,5p,84,0,0,2
yes,wD,5p,84,0,0,2
yes,wD,5p,84,0,0,2
yes,wD,5p,84,0,0,2
yes,wD,5p,84,0,0,2
yes,wD,5p,84,0,0,2
yes,wD,5p,84,0,0,2
yes,wD,5p,84,0,0,2
yes,wD,5p,84,0,0,2
yes,wD,5p,84,0,0,2
yes,wD,5p,84,0,0,2
yes,wD,5p,84,0,0,2
yes,wD,5p,84,0,0,2
yes,wD,5p,84,0,0,2
yes,wD,5p,84,0,0,2
yes,wD,5p,84,0,0,2
yes,wD,5p,84,0,0,2
yes,wD,5p,84,0,0,2
yes,wD,5p,84,0,0,2
yes,wD,5p,84,0,0,2
yes,wD,5p,84,0,0,2
yes,wD,5p,84,0,0,2
yes,wD,5p,84,0,0,2
yes,wD,5p,84,0,0,2
yes,wD,5p,84,0,0,2
yes,wD,5p,84,0,0,2
yes,wD,5p,84,0,0,2
yes,wD,5p,84,0,0,2
yes,wD,5p,84,0,0,2
yes,wD,5p,84,0,0,2
yes,wD,5p,84,0,0,2
yes,wD,5p,84,0,0,2
yes,wD,5p,84,0,0,2
yes,wD,5p,84,0,0,2
yes,wD,5p,84,0,0,2
yes,wD,5p,84,0,0,2
yes,wD,10p,0,0,0,2
yes,wD,10p,2,0,0,2
yes,wD,10p,5,0,0,2
yes,wD,10p,7,0,0,2
yes,wD,10p,9,0,0,2
yes,wD,10p,12,0,0,2
yes,wD,10p,14,0,0,2
yes,wD,10p,16,0,0,2
yes,wD,10p,19,0,0,2
yes,wD,10p,21,0,0,2
yes,wD,10p,23,0,0,2
yes,wD,10p,26,0,0,2
yes,wD,10p,28,0,0,2
yes,wD,10p,30,0,0,2
yes,wD,10p,33,0,0,2
yes,wD,10p,35,0,0,2
yes,wD,10p,37,0,0,2
yes,wD,10p,40,0,0,2
yes,wD,10p,42,0,0,2
yes,wD,10p,44,0,0,2
yes,wD,10p,47,0,0,2
yes,wD,10p,49,0,0,2
yes,wD,10p,51,0,0,2
yes,wD,10p,54,0,0,2
yes,wD,10p,56,1,0,2
yes,wD,10p,58,0,0,2
yes,wD,10p,61,0,0,2
yes,wD,10p,63,0,0,2
yes,wD,10p,65,0,0,2
yes,wD,10p,68,0,0,2
yes,wD,10p,70,0,0,2
yes,wD,10p,72,0,0,2
yes,wD,10p,75,0,0,2
yes,wD,10p,77,0,0,2
yes,wD,10p,79,0,0,2
yes,wD,10p,82,0,0,2
yes,wD,10p,84,0,0,2
yes,wD,10p,84,0,0,2
yes,wD,10p,84,0,0,2
yes,wD,10p,84,0,0,2
yes,wD,10p,84,0,0,2
yes,wD,10p,84,0,0,2
yes,wD,10p,84,0,0,2
yes,wD,10p,84,0,0,2
yes,wD,10p,84,0,0,2
yes,wD,10p,84,0,0,2
yes,wD,10p,84,0,0,2
yes,wD,10p,84,0,0,2
yes,wD,10p,84,0,0,2
yes,wD,10p,84,0,0,2
yes,wD,10p,84,0,0,2
yes,wD,10p,84,0,0,2
yes,wD,10p,84,0,0,2
yes,wD,10p,84,0,0,2
yes,wD,10p,84,0,0,2
yes,wD,10p,84,0,0,2
yes,wD,10p,84,0,0,2
yes,wD,10p,84,0,0,2
yes,wD,10p,84,0,0,2
yes,wD,10p,84,0,0,2
yes,wD,10p,84,0,0,2
yes,wD,10p,84,0,0,2
yes,wD,10p,84,0,0,2
yes,wD,10p,84,0,0,2
yes,wD,10p,84,0,0,2
yes,wD,10p,84,0,0,2
yes,wD,10p,84,0,0,2
yes,wD,10p,84,0,0,2
yes,wD,10p,84,0,0,2
yes,wD,10p,84,0,0,2
yes,wD,10p,84,0,0,2
yes,wD,10p,84,0,0,2
yes,wD,10p,84,0,0,2
yes,wD,10p,84,0,0,2
yes,wD,10p,84,0,0,2
yes,wD,10p,84,0,0,2
yes,wD,20p,0,0,0,2
yes,wD,20p,2,0,0,2
yes,wD,20p,5,2,0,2
yes,wD,20p,7,0,0,2
yes,wD,20p,9,0,0,2
yes,wD,20p,12,0,0,2
yes,wD,20p,14,0,0,2
yes,wD,20p,16,0,0,2
yes,wD,20p,19,0,0,2
yes,wD,20p,21,0,0,2
yes,wD,20p,23,0,0,2
yes,wD,20p,26,0,0,2
yes,wD,20p,28,0,0,2
yes,wD,20p,30,0,0,2
yes,wD,20p,33,0,0,2
yes,wD,20p,35,0,0,2
yes,wD,20p,37,0,0,2
yes,wD,20p,40,0,0,2
yes,wD,20p,42,0,0,2
yes,wD,20p,44,0,0,2
yes,wD,20p,47,0,0,2
yes,wD,20p,49,0,0,2
yes,wD,20p,51,0,0,2
yes,wD,20p,54,0,0,2
yes,wD,20p,56,0,0,2
yes,wD,20p,58,0,0,2
yes,wD,20p,61,0,0,2
yes,wD,20p,63,0,0,2
yes,wD,20p,65,0,0,2
yes,wD,20p,68,0,0,2
yes,wD,20p,70,0,0,2
yes,wD,20p,72,0,0,2
yes,wD,20p,75,0,0,2
yes,wD,20p,77,0,0,2
yes,wD,20p,79,0,0,2
yes,wD,20p,82,0,0,2
yes,wD,20p,84,0,0,2
yes,wD,20p,84,0,0,2
yes,wD,20p,84,0,0,2
yes,wD,20p,84,0,0,2
yes,wD,20p,84,0,0,2
yes,wD,20p,84,0,0,2
yes,wD,20p,84,0,0,2
yes,wD,20p,84,0,0,2
yes,wD,20p,84,0,0,2
yes,wD,20p,84,0,0,2
yes,wD,20p,84,0,0,2
yes,wD,20p,84,0,0,2
yes,wD,20p,84,0,0,2
yes,wD,20p,84,0,0,2
yes,wD,20p,84,0,0,2
yes,wD,20p,84,0,0,2
yes,wD,20p,84,0,0,2
yes,wD,20p,84,0,0,2
yes,wD,20p,84,0,0,2
yes,wD,20p,84,0,0,2
yes,wD,20p,84,0,0,2
yes,wD,20p,84,0,0,2
yes,wD,20p,84,0,0,2
yes,wD,20p,84,0,0,2
yes,wD,20p,84,0,0,2
yes,wD,20p,84,0,0,2
yes,wD,20p,84,0,0,2
yes,wD,20p,84,0,0,2
yes,wD,20p,84,0,0,2
yes,wD,20p,84,0,0,2
yes,wD,20p,84,0,0,2
yes,wD,20p,84,0,0,2
yes,wD,20p,84,0,0,2
yes,wD,20p,84,0,0,2
yes,wD,20p,84,0,0,2
yes,wD,20p,84,0,0,2
yes,wD,20p,84,0,0,2
yes,wD,20p,84,0,0,2
yes,wD,20p,84,0,0,2
yes,wD,20p,84,0,0,2